{"cameraMode":{"drawMode":0,"name":"Shaded","section":"Shading Mode"},"sceneLighting":true,"audioPlay":false,"sceneViewState":{"showFog":true,"showMaterialUpdate":false,"showSkybox":true,"showFlares":true,"showImageEffects":true,"showParticleSystems":true},"in2DMode":false,"pivot":{"x":-5.648558139801025,"y":116.58615112304688,"z":86.43888092041016},"rotation":{"x":-0.015843499451875688,"y":-0.9637212753295898,"z":0.2598816752433777,"w":-0.05875249207019806},"size":4.366037845611572,"orthographic":false}